silhouette,inertia,pca_variance
0.36398713129717236,537.9098864445677,11.97
