silhouette,inertia,pca_variance
0.353876049977909,321.2273194873342,12.71
